structure_name,left_cell_count,right_cell_count,total_cells,left_volume_mm3,right_volume_mm3,total_volume_mm3,left_cells_per_mm3,right_cells_per_mm3
"Primary somatosensory area, lower limb, layer 5",2280.0,715.0,2995.0,0.31977300000000003,0.268171,0.5879439999999999,7130.057884812038,2666.2092470848825
"Primary motor area, Layer 5",1113.0,732.0,1845.0,1.3865180000000001,1.2968620000000002,2.68338,802.7302927188828,564.4393929346376
"Primary motor area, Layer 6a",527.0,743.0,1270.0,1.1934049999999998,1.3577780000000002,2.551183,441.59359144632384,547.2175863801003
Gigantocellular reticular nucleus,374.0,645.0,1019.0,1.540767,1.577403,3.11817,242.73624759616476,408.8999450362399
Red nucleus,665.0,48.0,713.0,0.418145,0.400327,0.818472,1590.3574119025698,119.90198013124271
"Primary somatosensory area, lower limb, layer 6a",309.0,235.0,544.0,0.300516,0.272885,0.573401,1028.2314419198979,861.1686241457024
"Primary somatosensory area, trunk, layer 5",369.0,10.0,379.0,0.178874,0.14749199999999998,0.326366,2062.9046144213244,67.80028747321889
"Primary somatosensory area, trunk, layer 6a",256.0,32.0,288.0,0.113212,0.099877,0.213089,2261.244391053952,320.3940847242108
"Secondary motor area, layer 6a",37.0,217.0,254.0,0.91304,1.0564120000000001,1.969452,40.52396390081486,205.41228232924274
Pontine reticular nucleus,93.0,94.0,187.0,1.4256950000000002,1.402958,2.828653,65.23134330975418,67.00129298239862
Hypothalamus,24.0,152.0,176.0,1.2592219999999998,1.264849,2.524071,19.059387463052584,120.17244746210814
crossed tectospinal pathway,129.0,41.0,170.0,0.246069,0.26010700000000003,0.5061760000000001,524.2432000780269,157.627437939002
Midbrain reticular nucleus,50.0,55.0,105.0,2.844001,2.767664,5.611665,17.580865829512717,19.872354447649716
Interstitial nucleus of Cajal,35.0,56.0,91.0,0.032657,0.035375,0.06803200000000001,1071.745720672444,1583.0388692579506
"Retrosplenial area, lateral agranular part, layer 5",86.0,0.0,86.0,0.31505900000000003,0.319398,0.6344569999999999,272.96474628561634,0.0
Nucleus raphe magnus,59.0,26.0,85.0,0.045847000000000006,0.045612,0.091459,1286.8890003707984,570.025431903885
Lateral hypothalamic area,28.0,55.0,83.0,0.8872760000000001,0.8404200000000001,1.727696,31.557260649448423,65.44346874181956
"Secondary motor area, layer 5",9.0,70.0,79.0,1.758598,1.611683,3.370281,5.117713087357088,43.43285869491705
Pons,28.0,49.0,77.0,1.376911,1.417853,2.794764,20.33537389126821,34.55929493396001
"Retrosplenial area, lateral agranular part, layer 6a",14.0,58.0,72.0,0.175948,0.181535,0.357483,79.56896355741469,319.4976175393175
Pontine central gray,9.0,62.0,71.0,0.247182,0.23801,0.485192,36.41041823433745,260.49325658585775
Zona incerta,10.0,60.0,70.0,0.72053,0.694651,1.415181,13.878672643748352,86.37430882558292
Piriform area,67.0,1.0,68.0,5.453458,5.490708000000001,10.944166000000001,12.285782708879394,0.1821258752058933
Olfactory areas,66.0,1.0,67.0,1.245739,1.3377780000000001,2.583517,52.980600270201066,0.7475081814770462
"Paragigantocellular reticular nucleus, lateral part",5.0,62.0,67.0,0.363974,0.339511,0.7034849999999999,13.737244968047168,182.6155853565864
Laterodorsal tegmental nucleus,28.0,34.0,62.0,0.08125399999999999,0.083603,0.16485699999999998,344.59841977010365,406.68397067090893
Intermediate reticular nucleus,31.0,22.0,53.0,2.4136,2.2821290000000003,4.695729,12.843884653629432,9.640121132503902
Magnocellular reticular nucleus,14.0,37.0,51.0,0.204185,0.207489,0.411674,68.56527168988907,178.32270626394651
Pedunculopontine nucleus,8.0,42.0,50.0,0.5222180000000001,0.538928,1.061146,15.319272794120462,77.93248819879464
Anterior olfactory nucleus,33.0,13.0,46.0,1.3917620000000002,1.4988110000000001,2.890573,23.710950579193852,8.673541894208142
"Anterior area, layer 6a",44.0,0.0,44.0,0.10371300000000001,0.09729,0.201003,424.24768351122805,0.0
"Paraventricular hypothalamic nucleus, descending division",3.0,41.0,44.0,0.08616399999999999,0.093248,0.179412,34.817325100970244,439.68771448181195
"Pontine reticular nucleus, caudal part",8.0,24.0,32.0,1.523841,1.422988,2.946829,5.249891556927527,16.86591875686935
Periaqueductal gray,7.0,22.0,29.0,1.9613,2.040342,4.001642,3.5690613368684034,10.782506070060805
"Prelimbic area, layer 6a",26.0,0.0,26.0,0.14219400000000001,0.175128,0.317322,182.848784055586,0.0
Medulla,20.0,4.0,24.0,2.100873,2.170798,4.271671,9.519851985341331,1.8426403562192337
Anterior amygdalar area,8.0,14.0,22.0,0.210639,0.238495,0.44913400000000003,37.97967138089338,58.701440281766914
"Anterior cingulate area, dorsal part, layer 6a",21.0,0.0,21.0,0.28368000000000004,0.336876,0.620556,74.0270727580372,0.0
Barrington's nucleus,1.0,20.0,21.0,0.006204,0.005982,0.012186,161.18633139909736,3343.3634236041457
"Entorhinal area, lateral part, layer 1",6.0,15.0,21.0,0.5184369999999999,0.589515,1.107952,11.57324805135436,25.44464517442304
"Anterior area, layer 5",18.0,0.0,18.0,0.168401,0.150074,0.31847499999999995,106.88772631991496,0.0
Sublaterodorsal nucleus,4.0,13.0,17.0,0.019972,0.019575,0.039547000000000006,200.2803925495694,664.1123882503193
rubrospinal tract,15.0,1.0,16.0,0.20946900000000002,0.219537,0.42900600000000005,71.60964152213454,4.555040835941094
Magnocellular nucleus,6.0,10.0,16.0,0.16248800000000002,0.166519,0.329007,36.925803751661654,60.053207141527395
"Supplemental somatosensory area, layer 5",11.0,4.0,15.0,0.737028,0.7128909999999999,1.449919,14.924806113200583,5.6109559525930335
"Orbital area, ventrolateral part, layer 6a",15.0,0.0,15.0,0.064954,0.080804,0.145758,230.9326600363334,0.0
Paraventricular hypothalamic nucleus,1.0,12.0,13.0,0.124982,0.13844399999999998,0.26342600000000005,8.001152165911892,86.67764583513913
"Perirhinal area, layer 1",0.0,12.0,12.0,0.123155,0.111694,0.23484899999999997,0.0,107.43638870485434
Dorsomedial nucleus of the hypothalamus,0.0,11.0,11.0,0.22759400000000002,0.21231399999999997,0.439908,0.0,51.81005491865822
"Retrosplenial area, dorsal part, layer 6a",0.0,10.0,10.0,0.280102,0.307444,0.5875459999999999,0.0,32.526248682686926
"Frontal pole, layer 6a",9.0,0.0,9.0,0.035701,0.040238,0.07593899999999999,252.0937788857455,0.0
Facial motor nucleus,0.0,9.0,9.0,0.403901,0.42708,0.830981,0.0,21.073335206518685
Nucleus of the solitary tract,0.0,8.0,8.0,0.748087,0.7205889999999999,1.468676,0.0,11.102029034581435
Midbrain,0.0,7.0,7.0,2.75989,2.776011,5.535901,0.0,2.5216038409069705
"Medullary reticular nucleus, dorsal part",0.0,7.0,7.0,0.6668270000000001,0.62664,1.293467,0.0,11.170688114387847
Nucleus raphe obscurus,5.0,2.0,7.0,0.014823,0.014979,0.029802,337.31363421709506,133.52026169971293
superior cerebelar peduncles,2.0,4.0,6.0,0.188527,0.195821,0.384348,10.608560047102007,20.42681836983776
"lateral olfactory tract, body",6.0,0.0,6.0,0.568083,0.529227,1.09731,10.561836914676201,0.0
Olfactory tubercle,6.0,0.0,6.0,1.879097,1.708557,3.587654,3.1930230318072987,0.0
lateral lemniscus,0.0,5.0,5.0,0.293336,0.323618,0.616954,0.0,15.4503148774172
Medial amygdalar nucleus,2.0,3.0,5.0,0.718067,0.71375,1.431817,2.7852554148846833,4.203152364273205
"Agranular insular area, posterior part, layer 1",0.0,5.0,5.0,0.21691300000000002,0.20965,0.426563,0.0,23.849272597185784
Subiculum,0.0,5.0,5.0,0.7768729999999999,0.716054,1.4929270000000001,0.0,6.9827135942261345
Tuberal nucleus,0.0,5.0,5.0,0.247787,0.220063,0.46785,0.0,22.720766326006643
Striatum,4.0,0.0,4.0,1.140572,1.166873,2.307445,3.507012271035937,0.0
Edinger-Westphal nucleus,0.0,4.0,4.0,0.010164,0.010345,0.020509,0.0,386.66022232962786
"Posterior auditory area, layer 5",0.0,4.0,4.0,0.049183,0.04643,0.095613,0.0,86.15119534783545
Medial accesory oculomotor nucleus,1.0,3.0,4.0,0.005976,0.006392,0.012368,167.33601070950468,469.3366708385482
Nucleus of Darkschewitsch,0.0,4.0,4.0,0.036732,0.039539,0.076271,0.0,101.16593742886771
"Anterior cingulate area, dorsal part, layer 5",3.0,0.0,3.0,0.42432600000000004,0.42544,0.849766,7.070035774381018,0.0
Subceruleus nucleus,1.0,2.0,3.0,0.011374,0.012127,0.023501,87.91981712678037,164.92125010307578
"Visceral area, layer 5",0.0,3.0,3.0,0.223602,0.206092,0.42969399999999996,0.0,14.556605787706461
Parapyramidal nucleus,0.0,3.0,3.0,0.04159,0.037009,0.078599,0.0,81.06136345213326
"Taenia tecta, ventral part",0.0,3.0,3.0,0.232907,0.193477,0.42638400000000004,0.0,15.505719026034102
"Ventral auditory area, layer 5",3.0,0.0,3.0,0.189147,0.171484,0.360631,15.860679788735744,0.0
Flocculus,2.0,1.0,3.0,0.397071,0.213991,0.611062,5.0368825726381425,4.673093728240907
Ventromedial hypothalamic nucleus,2.0,1.0,3.0,0.298456,0.286196,0.5846520000000001,6.701155279170129,3.4941089323400747
"Entorhinal area, lateral part, layer 2",1.0,2.0,3.0,0.7205020000000001,0.936246,1.656748,1.3879211993859835,2.1361907020163504
Ventral tegmental area,2.0,0.0,2.0,0.169574,0.165735,0.335309,11.79426091263991,0.0
medial lemniscus,1.0,1.0,2.0,0.270983,0.26145100000000004,0.532434,3.690268393220239,3.8248084727157283
medial longitudinal fascicle,0.0,2.0,2.0,0.065386,0.066276,0.131662,0.0,30.17683626048645
Linear nucleus of the medulla,2.0,0.0,2.0,0.052012,0.052134,0.104146,38.45266476966854,0.0
Nucleus of Roller,0.0,2.0,2.0,0.024468,0.029362,0.053829999999999996,0.0,68.11525100469996
"Anteromedial visual area, layer 6a",1.0,0.0,1.0,0.067316,0.073888,0.141204,14.855309287539367,0.0
"Nucleus ambiguus, dorsal division",0.0,1.0,1.0,0.0083,0.011107,0.019407,0.0,90.03331232556046
"Superior olivary complex, medial part",0.0,1.0,1.0,0.114156,0.103845,0.21800100000000003,0.0,9.62973662670326
Cuneiform nucleus,0.0,1.0,1.0,0.26071,0.257123,0.517833,0.0,3.889189220723156
Dorsal motor nucleus of the vagus nerve,0.0,1.0,1.0,0.137181,0.155639,0.29282,0.0,6.425124808049397
Ventral medial nucleus of the thalamus,0.0,1.0,1.0,0.533233,0.5331159999999999,1.0663489999999998,0.0,1.8757643739823981
"Periventricular hypothalamic nucleus, intermediate part",0.0,1.0,1.0,0.18329,0.1676,0.35089000000000004,0.0,5.966587112171838
"Retrosplenial area, dorsal part, layer 5",0.0,1.0,1.0,0.403366,0.455002,0.858368,0.0,2.1977925371756606
"Agranular insular area, dorsal part, layer 1",0.0,1.0,1.0,0.437236,0.301149,0.7383850000000001,0.0,3.320615376441562
"Superior olivary complex, lateral part",0.0,1.0,1.0,0.150303,0.17385799999999998,0.32416100000000003,0.0,5.751820451172796
fiber tracts,0.0,1.0,1.0,0.735368,0.7297859999999999,1.465154,0.0,1.3702647077362407
Subparaventricular zone,0.0,1.0,1.0,0.05639299999999999,0.056168,0.112561,0.0,17.803731662156387
"Gustatory areas, layer 5",0.0,1.0,1.0,0.200531,0.187222,0.387753,0.0,5.34125263056692
third ventricle,0.0,1.0,1.0,0.5687979999999999,0.596294,1.165092,0.0,1.6770250916494214
Field CA3,1.0,0.0,1.0,2.426835,2.431563,4.858397999999998,0.4120593283020889,0.0
"Primary somatosensory area, mouth, layer 5",0.0,1.0,1.0,0.444542,0.43812299999999993,0.8826649999999999,0.0,2.2824640568972643
"Primary somatosensory area, upper limb, layer 5",1.0,0.0,1.0,0.39849,0.358835,0.7573249999999999,2.509473261562398,0.0
"Orbital area, ventrolateral part, layer 5",1.0,0.0,1.0,0.145335,0.17821499999999998,0.32355,6.880655038359652,0.0
Nucleus accumbens,1.0,0.0,1.0,1.6805450000000002,1.737984,3.418529,0.5950450597871523,0.0
"Ventral auditory area, layer 4",1.0,0.0,1.0,0.08355,0.065481,0.149031,11.968880909634949,0.0
"Posterior auditory area, layer 4",1.0,0.0,1.0,0.022733,0.020442,0.043175,43.98891479347205,0.0
"Posterior auditory area, layer 2/3",1.0,0.0,1.0,0.050172,0.044965,0.095137,19.9314358606394,0.0
Medial preoptic nucleus,1.0,0.0,1.0,0.164493,0.177998,0.342491,6.079286048646447,0.0
"Orbital area, lateral part, layer 5",1.0,0.0,1.0,0.318954,0.385277,0.7042309999999999,3.1352483430212508,0.0
"Temporal association areas, layer 4",1.0,0.0,1.0,0.136825,0.098881,0.235706,7.308605883427736,0.0
Rostral linear nucleus raphe,1.0,0.0,1.0,0.021202000000000002,0.02175,0.042952,47.16536175832468,0.0
Thalamus,0.0,1.0,1.0,0.455175,0.469009,0.924184,0.0,2.132155246487807
"Tuberomammillary nucleus, ventral part",0.0,0.0,0.0,0.027125,0.023701,0.050826,0.0,0.0
"Primary somatosensory area, mouth, layer 6b",0.0,0.0,0.0,0.044626,0.045337,0.08996299999999999,0.0,0.0
internal capsule,0.0,0.0,0.0,1.116065,1.004212,2.120277,0.0,0.0
Principal sensory nucleus of the trigeminal,0.0,0.0,0.0,0.310694,0.285525,0.5962189999999999,0.0,0.0
"Superior colliculus, motor related, intermediate gray layer",0.0,0.0,0.0,0.843807,0.912568,1.7563749999999998,0.0,0.0
Interfascicular nucleus raphe,0.0,0.0,0.0,0.034079000000000005,0.03395,0.06802899999999999,0.0,0.0
Parataenial nucleus,0.0,0.0,0.0,0.123626,0.145156,0.268782,0.0,0.0
"Superior colliculus, motor related, intermediate white layer",0.0,0.0,0.0,0.976121,1.0709229999999998,2.047044,0.0,0.0
Induseum griseum,0.0,0.0,0.0,0.054002,0.056544000000000004,0.110546,0.0,0.0
"Superior colliculus, motor related, deep gray layer",0.0,0.0,0.0,0.5952419999999999,0.6648189999999999,1.260061,0.0,0.0
Intergeniculate leaflet of the lateral geniculate complex,0.0,0.0,0.0,0.035435,0.037864,0.073299,0.0,0.0
"Entorhinal area, lateral part, layer 6a",0.0,0.0,0.0,0.332518,0.368631,0.701149,0.0,0.0
"Periventricular hypothalamic nucleus, anterior part",0.0,0.0,0.0,0.029399,0.028082,0.057481,0.0,0.0
"Primary visual area, layer 6a",0.0,0.0,0.0,0.348756,0.32624899999999996,0.6750050000000001,0.0,0.0
Oculomotor nucleus,0.0,0.0,0.0,0.014066,0.014561000000000001,0.028627,0.0,0.0
"Gustatory areas, layer 1",0.0,0.0,0.0,0.121188,0.10826,0.229448,0.0,0.0
"posteromedial visual area, layer 2/3",0.0,0.0,0.0,0.081055,0.089766,0.170821,0.0,0.0
"Superior colliculus, motor related, deep white layer",0.0,0.0,0.0,0.163523,0.181112,0.34463499999999997,0.0,0.0
Precommissural nucleus,0.0,0.0,0.0,0.069564,0.065372,0.134936,0.0,0.0
"Entorhinal area, lateral part, layer 3",0.0,0.0,0.0,0.526892,0.6878879999999999,1.21478,0.0,0.0
medial forebrain bundle,0.0,0.0,0.0,0.014488,0.013384,0.027872000000000004,0.0,0.0
Medial terminal nucleus of the accessory optic tract,0.0,0.0,0.0,0.016107,0.015337,0.031444,0.0,0.0
Intermediodorsal nucleus of the thalamus,0.0,0.0,0.0,0.09057,0.093366,0.183936,0.0,0.0
Anterodorsal nucleus,0.0,0.0,0.0,0.090782,0.11479600000000001,0.205578,0.0,0.0
Lateral terminal nucleus of the accessory optic tract,0.0,0.0,0.0,0.006848999999999999,0.006783,0.013632,0.0,0.0
"Frontal pole, layer 1",0.0,0.0,0.0,0.037359,0.047154,0.08451299999999999,0.0,0.0
Anterodorsal preoptic nucleus,0.0,0.0,0.0,0.040947000000000004,0.042763,0.08370999999999999,0.0,0.0
"Lateral visual area, layer 6a",0.0,0.0,0.0,0.06570999999999999,0.059168,0.124878,0.0,0.0
Dorsal terminal nucleus of the accessory optic tract,0.0,0.0,0.0,0.004656,0.004521,0.009177,0.0,0.0
middle cerebellar peduncle,0.0,0.0,0.0,0.257302,0.265121,0.522423,0.0,0.0
lateral ventricle,0.0,0.0,0.0,1.256438,1.407295,2.663733,0.0,0.0
Inferior olivary complex,0.0,0.0,0.0,0.15390099999999998,0.162102,0.31600300000000003,0.0,0.0
Anterior hypothalamic nucleus,0.0,0.0,0.0,0.303535,0.35741300000000004,0.660948,0.0,0.0
Interposed nucleus,0.0,0.0,0.0,0.411416,0.424897,0.836313,0.0,0.0
motor root of the trigeminal nerve,0.0,0.0,0.0,0.010712000000000001,0.012802000000000001,0.023514,0.0,0.0
Dorsal cochlear nucleus,0.0,0.0,0.0,0.18793900000000002,0.154612,0.342551,0.0,0.0
"Temporal association areas, layer 1",0.0,0.0,0.0,0.240592,0.221739,0.46233100000000005,0.0,0.0
subependymal zone,0.0,0.0,0.0,0.059358,0.075829,0.135187,0.0,0.0
Interpeduncular nucleus,0.0,0.0,0.0,0.004481000000000001,0.004368,0.008849,0.0,0.0
Ventral cochlear nucleus,0.0,0.0,0.0,0.295026,0.181565,0.476591,0.0,0.0
nigrostriatal tract,0.0,0.0,0.0,0.039701,0.038441,0.07814199999999999,0.0,0.0
Inferior salivatory nucleus,0.0,0.0,0.0,0.002794,0.003396,0.006189999999999999,0.0,0.0
choroid plexus,0.0,0.0,0.0,0.816936,0.764428,1.581364,0.0,0.0
"Primary somatosensory area, lower limb, layer 2/3",0.0,0.0,0.0,0.324899,0.26398,0.5888789999999999,0.0,0.0
Trochlear nucleus,0.0,0.0,0.0,0.002719,0.002854,0.005573,0.0,0.0
optic chiasm,0.0,0.0,0.0,0.09477000000000001,0.095052,0.189822,0.0,0.0
"Lateral visual area, layer 6b",0.0,0.0,0.0,0.012379000000000001,0.011138,0.023517,0.0,0.0
"Superior olivary complex, periolivary region",0.0,0.0,0.0,0.173733,0.17488099999999998,0.348614,0.0,0.0
Koelliker-Fuse subnucleus,0.0,0.0,0.0,0.060602,0.052701,0.113303,0.0,0.0
optic tract,0.0,0.0,0.0,0.297191,0.301439,0.59863,0.0,0.0
"Periventricular hypothalamic nucleus, posterior part",0.0,0.0,0.0,0.039442000000000005,0.038202999999999994,0.07764499999999999,0.0,0.0
Lateral amygdalar nucleus,0.0,0.0,0.0,0.32044,0.279776,0.600216,0.0,0.0
"Prelimbic area, layer 6b",0.0,0.0,0.0,0.006528,0.009037,0.015565,0.0,0.0
"Periventricular hypothalamic nucleus, preoptic part",0.0,0.0,0.0,0.064915,0.064996,0.129911,0.0,0.0
"Entorhinal area, lateral part, layer 5",0.0,0.0,0.0,0.50857,0.611638,1.120208,0.0,0.0
cerebral aqueduct,0.0,0.0,0.0,0.135793,0.137512,0.273305,0.0,0.0
"Nucleus ambiguus, ventral division",0.0,0.0,0.0,0.012796,0.01515,0.027946,0.0,0.0
fourth ventricle,0.0,0.0,0.0,0.25924400000000003,0.248743,0.507987,0.0,0.0
Locus ceruleus,0.0,0.0,0.0,0.005621,0.005557,0.011178,0.0,0.0
"Gustatory areas, layer 4",0.0,0.0,0.0,0.06308699999999999,0.05664500000000001,0.119732,0.0,0.0
Paraventricular nucleus of the thalamus,0.0,0.0,0.0,0.252184,0.274165,0.526349,0.0,0.0
lateral recess,0.0,0.0,0.0,0.16195199999999998,0.14569100000000001,0.307643,0.0,0.0
Lateral dorsal nucleus of thalamus,0.0,0.0,0.0,0.5995229999999999,0.629699,1.229222,0.0,0.0
"Dorsal auditory area, layer 6a",0.0,0.0,0.0,0.05135,0.051764,0.10311400000000001,0.0,0.0
posterior commissure,0.0,0.0,0.0,0.019872,0.019483,0.039355,0.0,0.0
"Agranular insular area, posterior part, layer 2/3",0.0,0.0,0.0,0.332424,0.309969,0.642393,0.0,0.0
"central canal, spinal cord/medulla",0.0,0.0,0.0,0.000371,0.000366,0.000737,0.0,0.0
Nucleus prepositus,0.0,0.0,0.0,0.110401,0.113461,0.22386199999999998,0.0,0.0
"Prelimbic area, layer 1",0.0,0.0,0.0,0.115887,0.118753,0.23464000000000002,0.0,0.0
Retrochiasmatic area,0.0,0.0,0.0,0.060178,0.06831899999999999,0.12849699999999994,0.0,0.0
Ventral part of the lateral geniculate complex,0.0,0.0,0.0,0.246984,0.27534699999999995,0.522331,0.0,0.0
"Gustatory areas, layer 2/3",0.0,0.0,0.0,0.21011799999999997,0.185355,0.395473,0.0,0.0
Nucleus of reuniens,0.0,0.0,0.0,0.228674,0.271621,0.5002949999999999,0.0,0.0
Lateral habenula,0.0,0.0,0.0,0.138754,0.166542,0.305296,0.0,0.0
"Accessory olfactory bulb, glomerular layer",0.0,0.0,0.0,0.024478,0.037106,0.061584,0.0,0.0
Rhomboid nucleus,0.0,0.0,0.0,0.045663,0.050476,0.096139,0.0,0.0
pyramid,0.0,0.0,0.0,0.195245,0.18901800000000002,0.384263,0.0,0.0
"Accessory olfactory bulb, granular layer",0.0,0.0,0.0,0.026808,0.050002,0.07680999999999999,0.0,0.0
pyramidal decussation,0.0,0.0,0.0,0.027152,0.029989,0.057141,0.0,0.0
"Primary somatosensory area, barrel field, layer 2/3",0.0,0.0,0.0,0.5586209999999999,0.511957,1.0705779999999998,0.0,0.0
Medial vestibular nucleus,0.0,0.0,0.0,0.8808659999999999,0.8970440000000001,1.77791,0.0,0.0
"Accessory olfactory bulb, mitral layer",0.0,0.0,0.0,0.038633999999999995,0.065177,0.10381099999999999,0.0,0.0
Area postrema,0.0,0.0,0.0,0.046677,0.048893,0.09557,0.0,0.0
Lateral vestibular nucleus,0.0,0.0,0.0,0.11074400000000001,0.131328,0.24207199999999998,0.0,0.0
Lateral mammillary nucleus,0.0,0.0,0.0,0.017762999999999998,0.01622,0.033983,0.0,0.0
"Anterior cingulate area, dorsal part, layer 2/3",0.0,0.0,0.0,0.185873,0.183726,0.36959899999999996,0.0,0.0
Anterior pretectal nucleus,0.0,0.0,0.0,0.6954279999999999,0.693248,1.3886759999999998,0.0,0.0
Superior vestibular nucleus,0.0,0.0,0.0,0.159216,0.171652,0.330868,0.0,0.0
Lateral posterior nucleus of the thalamus,0.0,0.0,0.0,0.63061,0.6995709999999999,1.330181,0.0,0.0
Arcuate hypothalamic nucleus,0.0,0.0,0.0,0.13891499999999998,0.13606300000000002,0.27497799999999994,0.0,0.0
Spinal vestibular nucleus,0.0,0.0,0.0,0.411617,0.432611,0.8442280000000001,0.0,0.0
Lateral preoptic area,0.0,0.0,0.0,0.189054,0.208947,0.39800100000000005,0.0,0.0
sensory root of the trigeminal nerve,0.0,0.0,0.0,0.118002,0.15217799999999998,0.27018000000000003,0.0,0.0
Nucleus raphe pallidus,0.0,0.0,0.0,0.019892,0.019901,0.039793,0.0,0.0
Anterior tegmental nucleus,0.0,0.0,0.0,0.01915,0.020464,0.039614,0.0,0.0
"Anterolateral visual area, layer 5",0.0,0.0,0.0,0.056944,0.053895000000000005,0.11083900000000001,0.0,0.0
solitary tract,0.0,0.0,0.0,0.010328,0.008003999999999999,0.018331999999999998,0.0,0.0
Nucleus raphe pontis,0.0,0.0,0.0,0.047729,0.048228,0.095957,0.0,0.0
"Dorsal auditory area, layer 6b",0.0,0.0,0.0,0.008213999999999999,0.008473,0.016687,0.0,0.0
"Midbrain reticular nucleus, retrorubral area",0.0,0.0,0.0,0.08660999999999999,0.075539,0.162149,0.0,0.0
"Posterior auditory area, layer 6a",0.0,0.0,0.0,0.019752000000000002,0.01944,0.039192000000000005,0.0,0.0
"Lateral septal nucleus, caudal (caudodorsal) part",0.0,0.0,0.0,0.303442,0.339135,0.6425770000000001,0.0,0.0
"Primary auditory area, layer 2/3",0.0,0.0,0.0,0.176619,0.14940699999999998,0.32602600000000004,0.0,0.0
"Dorsal auditory area, layer 5",0.0,0.0,0.0,0.099527,0.094148,0.193675,0.0,0.0
Anteroventral nucleus of thalamus,0.0,0.0,0.0,0.231096,0.256483,0.487579,0.0,0.0
"posteromedial visual area, layer 6a",0.0,0.0,0.0,0.06335,0.06788999999999999,0.13124,0.0,0.0
"Lateral septal nucleus, rostral (rostroventral) part",0.0,0.0,0.0,0.8329179999999999,0.923357,1.756275,0.0,0.0
"Nucleus of the lateral olfactory tract, molecular layer",0.0,0.0,0.0,0.043297,0.051547,0.09484399999999997,0.0,0.0
Reticular nucleus of the thalamus,0.0,0.0,0.0,0.846116,0.77882,1.6249360000000002,0.0,0.0
Anteroventral preoptic nucleus,0.0,0.0,0.0,0.029357,0.029601,0.058958,0.0,0.0
"Lateral septal nucleus, ventral part",0.0,0.0,0.0,0.239323,0.243849,0.4831719999999999,0.0,0.0
"Nucleus of the lateral olfactory tract, pyramidal layer",0.0,0.0,0.0,0.058526,0.072791,0.13131700000000002,0.0,0.0
"Posterolateral visual area, layer 2/3",0.0,0.0,0.0,0.045214,0.05513099999999999,0.100345,0.0,0.0
Nucleus sagulum,0.0,0.0,0.0,0.036003,0.042431,0.078434,0.0,0.0
Anteroventral periventricular nucleus,0.0,0.0,0.0,0.062104,0.058161000000000004,0.12026500000000001,0.0,0.0
"Retrosplenial area, lateral agranular part, layer 6b",0.0,0.0,0.0,0.016353,0.017648,0.034000999999999997,0.0,0.0
"Anteromedial visual area, layer 1",0.0,0.0,0.0,0.038571,0.018266,0.056837,0.0,0.0
Suprachiasmatic nucleus,0.0,0.0,0.0,0.026235,0.026485,0.05272,0.0,0.0
Bed nucleus of the anterior commissure,0.0,0.0,0.0,0.00303,0.003208,0.0062380000000000005,0.0,0.0
"Orbital area, ventrolateral part, layer 2/3",0.0,0.0,0.0,0.111578,0.13494599999999998,0.246524,0.0,0.0
"Temporal association areas, layer 5",0.0,0.0,0.0,0.342839,0.284688,0.6275270000000001,0.0,0.0
Bed nucleus of the accessory olfactory tract,0.0,0.0,0.0,0.010828,0.013126,0.023954,0.0,0.0
"Anterior cingulate area, ventral part, layer 2/3",0.0,0.0,0.0,0.188643,0.204624,0.393267,0.0,0.0
stria terminalis,0.0,0.0,0.0,0.179984,0.159129,0.339113,0.0,0.0
"Basolateral amygdalar nucleus, anterior part",0.0,0.0,0.0,0.272689,0.25669200000000003,0.529381,0.0,0.0
"Prelimbic area, layer 2/3",0.0,0.0,0.0,0.098418,0.104281,0.202699,0.0,0.0
"Primary visual area, layer 6b",0.0,0.0,0.0,0.05693,0.054053,0.110983,0.0,0.0
Septofimbrial nucleus,0.0,0.0,0.0,0.249529,0.255243,0.504772,0.0,0.0
"Basolateral amygdalar nucleus, posterior part",0.0,0.0,0.0,0.298142,0.329977,0.6281189999999999,0.0,0.0
"Agranular insular area, posterior part, layer 6a",0.0,0.0,0.0,0.14637,0.131397,0.277767,0.0,0.0
Supragenual nucleus,0.0,0.0,0.0,0.009383,0.008662000000000001,0.018045,0.0,0.0
"Primary motor area, Layer 1",0.0,0.0,0.0,0.818369,0.551904,1.3702729999999999,0.0,0.0
Subgeniculate nucleus,0.0,0.0,0.0,0.018483000000000003,0.023536,0.042019,0.0,0.0
Suprageniculate nucleus,0.0,0.0,0.0,0.08408600000000001,0.082338,0.166424,0.0,0.0
"Basomedial amygdalar nucleus, anterior part",0.0,0.0,0.0,0.27875900000000003,0.323181,0.6019399999999999,0.0,0.0
"Agranular insular area, dorsal part, layer 2/3",0.0,0.0,0.0,0.531557,0.489219,1.0207760000000001,0.0,0.0
"Retrosplenial area, dorsal part, layer 6b",0.0,0.0,0.0,0.013030000000000002,0.014428,0.027458,0.0,0.0
Accessory supraoptic group,0.0,0.0,0.0,0.002822,0.0035520000000000005,0.006374,0.0,0.0
Septohippocampal nucleus,0.0,0.0,0.0,0.013949000000000001,0.015555000000000001,0.029504000000000002,0.0,0.0
"Basomedial amygdalar nucleus, posterior part",0.0,0.0,0.0,0.328291,0.339532,0.6678229999999999,0.0,0.0
"Perirhinal area, layer 6a",0.0,0.0,0.0,0.016111,0.018141,0.034252000000000005,0.0,0.0
superior colliculus commissure,0.0,0.0,0.0,0.01281,0.012566,0.025376,0.0,0.0
Subfornical organ,0.0,0.0,0.0,0.016935,0.018394,0.035329,0.0,0.0
Substantia innominata,0.0,0.0,0.0,1.367442,1.403707,2.7711490000000003,0.0,0.0
"Agranular insular area, posterior part, layer 5",0.0,0.0,0.0,0.26002600000000003,0.23976,0.499786,0.0,0.0
supraoptic commissures,0.0,0.0,0.0,0.009302,0.008974,0.018276,0.0,0.0
Bed nuclei of the stria terminalis,0.0,0.0,0.0,0.48310200000000003,0.483375,0.966477,0.0,0.0
"Agranular insular area, posterior part, layer 6b",0.0,0.0,0.0,0.007038999999999998,0.005915999999999999,0.012954999999999998,0.0,0.0
Preparasubthalamic nucleus,0.0,0.0,0.0,0.004453,0.003892,0.008344999999999998,0.0,0.0
Mediodorsal nucleus of thalamus,0.0,0.0,0.0,0.6435390000000001,0.769737,1.413276,0.0,0.0
"Prelimbic area, layer 5",0.0,0.0,0.0,0.264465,0.295395,0.55986,0.0,0.0
Parasubthalamic nucleus,0.0,0.0,0.0,0.058419000000000006,0.052024,0.110443,0.0,0.0
Submedial nucleus of the thalamus,0.0,0.0,0.0,0.15268900000000002,0.16963499999999998,0.32232399999999994,0.0,0.0
"Perirhinal area, layer 6b",0.0,0.0,0.0,0.003504,0.003994,0.007497999999999999,0.0,0.0
Infracerebellar nucleus,0.0,0.0,0.0,0.028643000000000002,0.028362000000000002,0.05700499999999999,0.0,0.0
"Substantia nigra, compact part",0.0,0.0,0.0,0.079468,0.068993,0.14846099999999998,0.0,0.0
"Posterolateral visual area, layer 6a",0.0,0.0,0.0,0.02894,0.02777,0.05671,0.0,0.0
cuneate fascicle,0.0,0.0,0.0,0.011808,0.011583,0.023391,0.0,0.0
"Substantia nigra, reticular part",0.0,0.0,0.0,0.5238459999999999,0.474285,0.998131,0.0,0.0
Field CA1,0.0,0.0,0.0,3.530273,3.593347,7.123619999999999,0.0,0.0
Supraoptic nucleus,0.0,0.0,0.0,0.016543000000000002,0.018055,0.034598000000000004,0.0,0.0
"Posterolateral visual area, layer 6b",0.0,0.0,0.0,0.002622,0.002481,0.005103,0.0,0.0
ventral tegmental decussation,0.0,0.0,0.0,0.014079,0.014362,0.028441,0.0,0.0
"Anteromedial visual area, layer 4",0.0,0.0,0.0,0.030578,0.030402,0.060979999999999986,0.0,0.0
"Orbital area, lateral part, layer 2/3",0.0,0.0,0.0,0.150857,0.194692,0.345549,0.0,0.0
vestibular nerve,0.0,0.0,0.0,0.06904600000000001,0.054998000000000005,0.124044,0.0,0.0
"Subparafascicular nucleus, magnocellular part",0.0,0.0,0.0,0.031438,0.031035000000000004,0.062473,0.0,0.0
"Lateral visual area, layer 1",0.0,0.0,0.0,0.061817,0.060466,0.12228299999999999,0.0,0.0
"Subparafascicular nucleus, parvicellular part",0.0,0.0,0.0,0.067148,0.061662,0.12880999999999998,0.0,0.0
Field CA2,0.0,0.0,0.0,0.17954399999999998,0.18818,0.367724,0.0,0.0
Ectorhinal area/Layer 2/3,0.0,0.0,0.0,0.24375,0.190353,0.43410299999999996,0.0,0.0
medial corticohypothalmic tract,0.0,0.0,0.0,0.005621999999999999,0.006032,0.011654000000000001,0.0,0.0
"Spinal nucleus of the trigeminal, caudal part",0.0,0.0,0.0,0.882647,0.912366,1.7950130000000002,0.0,0.0
"Retrosplenial area, ventral part, layer 2/3",0.0,0.0,0.0,0.315845,0.330092,0.645937,0.0,0.0
"Anteromedial visual area, layer 5",0.0,0.0,0.0,0.11369000000000001,0.119027,0.232717,0.0,0.0
"Retrosplenial area, dorsal part, layer 2/3",0.0,0.0,0.0,0.320366,0.361748,0.6821139999999999,0.0,0.0
columns of the fornix,0.0,0.0,0.0,0.123825,0.127357,0.251182,0.0,0.0
"Spinal nucleus of the trigeminal, interpolar part",0.0,0.0,0.0,0.7292770000000001,0.81516,1.5444369999999998,0.0,0.0
"Orbital area, lateral part, layer 6a",0.0,0.0,0.0,0.13283499999999998,0.167631,0.300466,0.0,0.0
"Anteromedial visual area, layer 6b",0.0,0.0,0.0,0.011347,0.012678,0.024025,0.0,0.0
"Retrosplenial area, dorsal part, layer 1",0.0,0.0,0.0,0.25106999999999996,0.26061100000000004,0.511681,0.0,0.0
dorsal hippocampal commissure,0.0,0.0,0.0,0.361191,0.378515,0.7397060000000001,0.0,0.0
"Spinal nucleus of the trigeminal, oral part",0.0,0.0,0.0,0.228963,0.23847800000000002,0.467441,0.0,0.0
"Orbital area, lateral part, layer 1",0.0,0.0,0.0,0.085015,0.12053299999999999,0.205548,0.0,0.0
ventral hippocampal commissure,0.0,0.0,0.0,0.047201,0.055558,0.102759,0.0,0.0
"Primary somatosensory area, upper limb, layer 1",0.0,0.0,0.0,0.189339,0.159108,0.34844699999999995,0.0,0.0
"Basolateral amygdalar nucleus, ventral part",0.0,0.0,0.0,0.12381,0.13209,0.2559,0.0,0.0
Median preoptic nucleus,0.0,0.0,0.0,0.02022,0.02049,0.04071,0.0,0.0
"Posterior auditory area, layer 6b",0.0,0.0,0.0,0.004311,0.004306,0.008617,0.0,0.0
Midbrain trigeminal nucleus,0.0,0.0,0.0,0.003525,0.0035310000000000003,0.007056000000000001,0.0,0.0
"Primary somatosensory area, trunk, layer 6b",0.0,0.0,0.0,0.016041,0.014730000000000002,0.030770999999999996,0.0,0.0
alveus,0.0,0.0,0.0,0.595745,0.707341,1.303086,0.0,0.0
"posteromedial visual area, layer 6b",0.0,0.0,0.0,0.011581000000000001,0.012635,0.024216,0.0,0.0
Subthalamic nucleus,0.0,0.0,0.0,0.056565,0.052799,0.109364,0.0,0.0
brachium of the inferior colliculus,0.0,0.0,0.0,0.074571,0.071658,0.146229,0.0,0.0
Medial habenula,0.0,0.0,0.0,0.14746700000000001,0.15692299999999998,0.30438999999999994,0.0,0.0
"Orbital area, medial part, layer 1",0.0,0.0,0.0,0.088988,0.094217,0.183205,0.0,0.0
"Orbital area, lateral part, layer 6b",0.0,0.0,0.0,0.011258,0.016486999999999998,0.027745,0.0,0.0
"posteromedial visual area, layer 4",0.0,0.0,0.0,0.043288,0.042798,0.086086,0.0,0.0
dorsal acoustic stria,0.0,0.0,0.0,0.0054670000000000005,0.006298,0.011765000000000001,0.0,0.0
Main olfactory bulb,0.0,0.0,0.0,3.5893610000000002,4.912833999999999,8.502195,0.0,0.0
"Primary somatosensory area, lower limb, layer 6b",0.0,0.0,0.0,0.027086000000000002,0.025251,0.052337,0.0,0.0
Cerebellum,0.0,0.0,0.0,0.303568,0.301906,0.6054740000000001,0.0,0.0
"Ventral auditory area, layer 6a",0.0,0.0,0.0,0.0822,0.08073,0.16293,0.0,0.0
Medial preoptic area,0.0,0.0,0.0,0.185256,0.2031,0.388356,0.0,0.0
Supramammillary nucleus,0.0,0.0,0.0,0.07468999999999999,0.07092000000000001,0.14561,0.0,0.0
"Entorhinal area, medial part, dorsal zone, layer 1",0.0,0.0,0.0,0.34486500000000003,0.35882600000000003,0.703691,0.0,0.0
"Dorsal auditory area, layer 1",0.0,0.0,0.0,0.08726199999999999,0.072421,0.159683,0.0,0.0
dorsal fornix,0.0,0.0,0.0,0.023247,0.025415,0.048662000000000004,0.0,0.0
Medial pretectal area,0.0,0.0,0.0,0.015494,0.01514,0.030634,0.0,0.0
Supratrigeminal nucleus,0.0,0.0,0.0,0.110122,0.117949,0.228071,0.0,0.0
dorsal limb,0.0,0.0,0.0,0.022219,0.039195999999999995,0.061415,0.0,0.0
"Retrosplenial area, ventral part, layer 1",0.0,0.0,0.0,0.29488000000000003,0.306234,0.6011139999999999,0.0,0.0
"Entorhinal area, medial part, dorsal zone, layer 2",0.0,0.0,0.0,0.340067,0.361196,0.701263,0.0,0.0
"Central amygdalar nucleus, capsular part",0.0,0.0,0.0,0.122035,0.117221,0.239256,0.0,0.0
"Central amygdalar nucleus, lateral part",0.0,0.0,0.0,0.111454,0.101909,0.213363,0.0,0.0
dorsal spinocerebellar tract,0.0,0.0,0.0,0.050079000000000005,0.05772000000000001,0.107799,0.0,0.0
"Infralimbic area, layer 2/3",0.0,0.0,0.0,0.02982,0.034976,0.06479599999999999,0.0,0.0
"Primary somatosensory area, nose, layer 1",0.0,0.0,0.0,0.1659,0.154146,0.320046,0.0,0.0
"Central amygdalar nucleus, medial part",0.0,0.0,0.0,0.336798,0.333017,0.6698149999999999,0.0,0.0
Medial septal nucleus,0.0,0.0,0.0,0.17136300000000002,0.181275,0.352638,0.0,0.0
"posteromedial visual area, layer 5",0.0,0.0,0.0,0.121619,0.12542599999999998,0.247045,0.0,0.0
Postpiriform transition area,0.0,0.0,0.0,0.675438,0.7999229999999999,1.4753610000000001,0.0,0.0
"Lateral visual area, layer 4",0.0,0.0,0.0,0.05536,0.051525,0.106885,0.0,0.0
Tegmental reticular nucleus,0.0,0.0,0.0,0.329335,0.324545,0.65388,0.0,0.0
Central lateral nucleus of the thalamus,0.0,0.0,0.0,0.183219,0.241103,0.42432200000000003,0.0,0.0
Accessory facial motor nucleus,0.0,0.0,0.0,0.003572,0.003783,0.007354999999999999,0.0,0.0
"Primary somatosensory area, upper limb, layer 4",0.0,0.0,0.0,0.240333,0.207579,0.447912,0.0,0.0
external capsule,0.0,0.0,0.0,0.294874,0.298425,0.593299,0.0,0.0
Nucleus of the brachium of the inferior colliculus,0.0,0.0,0.0,0.032747000000000005,0.030059,0.062806,0.0,0.0
Triangular nucleus of septum,0.0,0.0,0.0,0.1922,0.198477,0.390677,0.0,0.0
"Orbital area, medial part, layer 2/3",0.0,0.0,0.0,0.06924,0.08022,0.14945999999999998,0.0,0.0
Claustrum,0.0,0.0,0.0,0.181012,0.19454100000000002,0.375553,0.0,0.0
"Anterior cingulate area, ventral part, layer 1",0.0,0.0,0.0,0.16877,0.17401899999999998,0.342789,0.0,0.0
"Retrosplenial area, ventral part, layer 6a",0.0,0.0,0.0,0.24377600000000002,0.27120900000000003,0.514985,0.0,0.0
Central linear nucleus raphe,0.0,0.0,0.0,0.034276999999999995,0.035525,0.069802,0.0,0.0
"Primary visual area, layer 1",0.0,0.0,0.0,0.2872,0.32731,0.61451,0.0,0.0
fasciculus retroflexus,0.0,0.0,0.0,0.066511,0.07253699999999999,0.139048,0.0,0.0
Diagonal band nucleus,0.0,0.0,0.0,0.250963,0.26158200000000004,0.512545,0.0,0.0
"Taenia tecta, dorsal part",0.0,0.0,0.0,0.21159,0.23041,0.442,0.0,0.0
"Ventral auditory area, layer 6b",0.0,0.0,0.0,0.013341,0.013272,0.026613,0.0,0.0
Central medial nucleus of the thalamus,0.0,0.0,0.0,0.122976,0.13452899999999998,0.25750500000000004,0.0,0.0
"Dorsal auditory area, layer 2/3",0.0,0.0,0.0,0.116282,0.100562,0.216844,0.0,0.0
"Anterolateral visual area, layer 6a",0.0,0.0,0.0,0.030465,0.028784,0.059249,0.0,0.0
fimbria,0.0,0.0,0.0,0.982649,1.147648,2.130297,0.0,0.0
Nucleus incertus,0.0,0.0,0.0,0.051133,0.050396,0.101529,0.0,0.0
Subparafascicular area,0.0,0.0,0.0,0.057654,0.056604,0.114258,0.0,0.0
habenular commissure,0.0,0.0,0.0,0.017019,0.017547,0.034566,0.0,0.0
Nucleus of the lateral lemniscus,0.0,0.0,0.0,0.213289,0.241408,0.454697,0.0,0.0
"Lateral visual area, layer 5",0.0,0.0,0.0,0.097084,0.088699,0.185783,0.0,0.0
"Orbital area, medial part, layer 5",0.0,0.0,0.0,0.106575,0.13406300000000002,0.240638,0.0,0.0
Motor nucleus of trigeminal,0.0,0.0,0.0,0.141817,0.13669299999999998,0.27851,0.0,0.0
"Retrosplenial area, ventral part, layer 6b",0.0,0.0,0.0,0.018668,0.020061000000000002,0.038729,0.0,0.0
Nucleus of the optic tract,0.0,0.0,0.0,0.107425,0.11899100000000001,0.22641599999999998,0.0,0.0
Ventral anterior-lateral complex of the thalamus,0.0,0.0,0.0,0.47614,0.528724,1.004864,0.0,0.0
"Dentate gyrus, granule cell layer",0.0,0.0,0.0,0.62556,0.653083,1.278643,0.0,0.0
inferior colliculus commissure,0.0,0.0,0.0,0.005031,0.005267,0.010298,0.0,0.0
Nucleus of the posterior commissure,0.0,0.0,0.0,0.122437,0.117156,0.23959299999999997,0.0,0.0
"Gustatory areas, layer 6a",0.0,0.0,0.0,0.145263,0.144087,0.28935,0.0,0.0
"Cortical amygdalar area, anterior part",0.0,0.0,0.0,0.27475900000000003,0.3448,0.619559,0.0,0.0
Nucleus of the trapezoid body,0.0,0.0,0.0,0.077706,0.06366999999999999,0.141376,0.0,0.0
"Anterolateral visual area, layer 6b",0.0,0.0,0.0,0.00603,0.00571,0.01174,0.0,0.0
Abducens nucleus,0.0,0.0,0.0,0.016866,0.017925999999999997,0.034792000000000003,0.0,0.0
"Primary somatosensory area, nose, layer 4",0.0,0.0,0.0,0.192301,0.184183,0.37648400000000004,0.0,0.0
"Cortical amygdalar area, posterior part, lateral zone",0.0,0.0,0.0,0.464634,0.4789,0.943534,0.0,0.0
"Secondary motor area, layer 1",0.0,0.0,0.0,0.837882,0.7594219999999999,1.5973039999999998,0.0,0.0
"Primary somatosensory area, mouth, layer 2/3",0.0,0.0,0.0,0.664063,0.634892,1.298955,0.0,0.0
"Gustatory areas, layer 6b",0.0,0.0,0.0,0.013247,0.013307,0.026554,0.0,0.0
"Cortical amygdalar area, posterior part, medial zone",0.0,0.0,0.0,0.442826,0.47173400000000004,0.91456,0.0,0.0
"Entorhinal area, medial part, dorsal zone, layer 3",0.0,0.0,0.0,0.273774,0.285475,0.5592489999999999,0.0,0.0
"Frontal pole, layer 2/3",0.0,0.0,0.0,0.042131,0.051015,0.093146,0.0,0.0
"Primary somatosensory area, trunk, layer 2/3",0.0,0.0,0.0,0.21713200000000002,0.164654,0.381786,0.0,0.0
"Retrosplenial area, lateral agranular part, layer 1",0.0,0.0,0.0,0.141181,0.091017,0.232198,0.0,0.0
Caudoputamen,0.0,0.0,0.0,11.912127,12.222753,24.13488,0.0,0.0
mammillary peduncle,0.0,0.0,0.0,0.01178,0.011356,0.023136,0.0,0.0
"Agranular insular area, ventral part, layer 6a",0.0,0.0,0.0,0.057849,0.063487,0.12133599999999999,0.0,0.0
"Dorsal auditory area, layer 4",0.0,0.0,0.0,0.041343,0.037544,0.078887,0.0,0.0
Superior central nucleus raphe,0.0,0.0,0.0,0.278271,0.284761,0.563032,0.0,0.0
"Orbital area, ventrolateral part, layer 6b",0.0,0.0,0.0,0.002588,0.003407,0.005995,0.0,0.0
mammillotegmental tract,0.0,0.0,0.0,0.025473,0.026204,0.051677,0.0,0.0
"Retrosplenial area, ventral part, layer 5",0.0,0.0,0.0,0.544009,0.585005,1.129014,0.0,0.0
Ventrolateral preoptic nucleus,0.0,0.0,0.0,0.019429,0.020966,0.040395,0.0,0.0
mammilothalmic tract,0.0,0.0,0.0,0.06278500000000001,0.06287899999999999,0.125664,0.0,0.0
"Perirhinal area, layer 5",0.0,0.0,0.0,0.064618,0.064329,0.12894699999999998,0.0,0.0
"Agranular insular area, ventral part, layer 2/3",0.0,0.0,0.0,0.285194,0.251472,0.536666,0.0,0.0
"Posterior auditory area, layer 1",0.0,0.0,0.0,0.045431,0.041417,0.08684800000000001,0.0,0.0
"Agranular insular area, ventral part, layer 6b",0.0,0.0,0.0,0.0008269999999999999,0.001172,0.001999,0.0,0.0
"Primary somatosensory area, nose, layer 5",0.0,0.0,0.0,0.207497,0.1989,0.40639699999999995,0.0,0.0
Cortical subplate,0.0,0.0,0.0,0.149455,0.163772,0.31322700000000003,0.0,0.0
"Agranular insular area, ventral part, layer 1",0.0,0.0,0.0,0.22521999999999998,0.12908799999999998,0.354308,0.0,0.0
Olivary pretectal nucleus,0.0,0.0,0.0,0.02918,0.030433999999999996,0.059614,0.0,0.0
"Infralimbic area, layer 1",0.0,0.0,0.0,0.032533,0.03451,0.06704299999999999,0.0,0.0
Cuneate nucleus,0.0,0.0,0.0,0.262733,0.21084299999999997,0.473576,0.0,0.0
Ventral posterolateral nucleus of the thalamus,0.0,0.0,0.0,0.425837,0.398015,0.823852,0.0,0.0
"Primary visual area, layer 4",0.0,0.0,0.0,0.319477,0.28609,0.605567,0.0,0.0
"Ventral posterolateral nucleus of the thalamus, parvicellular part",0.0,0.0,0.0,0.042283,0.04185,0.084133,0.0,0.0
"Entorhinal area, medial part, dorsal zone, layer 5",0.0,0.0,0.0,0.272307,0.26660500000000004,0.538912,0.0,0.0
arbor vitae,0.0,0.0,0.0,2.339313,2.218706,4.558019,0.0,0.0
"Temporal association areas, layer 6a",0.0,0.0,0.0,0.166356,0.156526,0.322882,0.0,0.0
"Medial mammillary nucleus, median part",0.0,0.0,0.0,0.020877,0.020663,0.04154,0.0,0.0
Ventral posteromedial nucleus of the thalamus,0.0,0.0,0.0,0.7813089999999999,0.749065,1.530374,0.0,0.0
"Primary auditory area, layer 1",0.0,0.0,0.0,0.18246800000000002,0.149832,0.3323,0.0,0.0
"Ventral posteromedial nucleus of the thalamus, parvicellular part",0.0,0.0,0.0,0.100485,0.107832,0.208317,0.0,0.0
"Entorhinal area, medial part, dorsal zone, layer 6",0.0,0.0,0.0,0.196767,0.181174,0.377941,0.0,0.0
cerebellar commissure,0.0,0.0,0.0,0.022174,0.023109,0.045283,0.0,0.0
"Posterolateral visual area, layer 1",0.0,0.0,0.0,0.041774,0.055052,0.096826,0.0,0.0
principal mammillary tract,0.0,0.0,0.0,0.010386,0.009824,0.02021,0.0,0.0
"Ventral auditory area, layer 2/3",0.0,0.0,0.0,0.175954,0.132695,0.30864899999999995,0.0,0.0
Ventral tegmental nucleus,0.0,0.0,0.0,0.015478,0.016718,0.032195999999999995,0.0,0.0
Vascular organ of the lamina terminalis,0.0,0.0,0.0,0.002977,0.002933,0.00591,0.0,0.0
Nucleus x,0.0,0.0,0.0,0.020923,0.027192,0.048115,0.0,0.0
"Anterior cingulate area, ventral part, layer 5",0.0,0.0,0.0,0.39376300000000003,0.462886,0.856649,0.0,0.0
Hypoglossal nucleus,0.0,0.0,0.0,0.222018,0.25590100000000005,0.477919,0.0,0.0
"Primary visual area, layer 5",0.0,0.0,0.0,0.49233599999999994,0.45005500000000004,0.942391,0.0,0.0
Posterior amygdalar nucleus,0.0,0.0,0.0,0.340646,0.370838,0.711484,0.0,0.0
Nucleus y,0.0,0.0,0.0,0.009049,0.011491,0.02054,0.0,0.0
"Agranular insular area, dorsal part, layer 6a",0.0,0.0,0.0,0.243894,0.26019499999999995,0.504089,0.0,0.0
corticospinal tract,0.0,0.0,0.0,0.041107,0.039823000000000004,0.08093,0.0,0.0
"Temporal association areas, layer 6b",0.0,0.0,0.0,0.027627999999999996,0.026679,0.054307,0.0,0.0
Piriform-amygdalar area,0.0,0.0,0.0,0.343004,0.379244,0.722248,0.0,0.0
spinal tract of the trigeminal nerve,0.0,0.0,0.0,0.462894,0.456078,0.918972,0.0,0.0
facial nerve,0.0,0.0,0.0,0.039499,0.040003,0.07950199999999999,0.0,0.0
"Agranular insular area, ventral part, layer 5",0.0,0.0,0.0,0.244443,0.261716,0.506159,0.0,0.0
stria medullaris,0.0,0.0,0.0,0.13672099999999998,0.14998999999999998,0.28671099999999994,0.0,0.0
Pallidum,0.0,0.0,0.0,0.524913,0.505605,1.0305179999999998,0.0,0.0
Fields of Forel,0.0,0.0,0.0,0.10284700000000001,0.093944,0.19679100000000002,0.0,0.0
"posteromedial visual area, layer 1",0.0,0.0,0.0,0.001435,0.017530999999999998,0.018966,0.0,0.0
"Supplemental somatosensory area, layer 2/3",0.0,0.0,0.0,0.920314,0.8525440000000001,1.7728579999999998,0.0,0.0
"Anterior cingulate area, ventral part, 6a",0.0,0.0,0.0,0.150999,0.195884,0.346883,0.0,0.0
"Inferior colliculus, central nucleus",0.0,0.0,0.0,0.5339539999999999,0.5372560000000001,1.0712099999999998,0.0,0.0
superior cerebellar peduncle decussation,0.0,0.0,0.0,0.019216,0.019967,0.039183,0.0,0.0
Dorsal peduncular area,0.0,0.0,0.0,0.131552,0.15392999999999998,0.285482,0.0,0.0
"Primary auditory area, layer 4",0.0,0.0,0.0,0.074409,0.065582,0.139991,0.0,0.0
"Anterior cingulate area, ventral part, 6b",0.0,0.0,0.0,0.027173000000000003,0.035416,0.06258899999999999,0.0,0.0
"Inferior colliculus, dorsal nucleus",0.0,0.0,0.0,0.5220739999999999,0.550433,1.072507,0.0,0.0
"Primary visual area, layer 2/3",0.0,0.0,0.0,0.567923,0.5497759999999999,1.117699,0.0,0.0
"Infralimbic area, layer 5",0.0,0.0,0.0,0.07679799999999999,0.099469,0.176267,0.0,0.0
"Inferior colliculus, external nucleus",0.0,0.0,0.0,0.74325,0.7584919999999999,1.501742,0.0,0.0
"Agranular insular area, dorsal part, layer 6b",0.0,0.0,0.0,0.014745,0.017318999999999998,0.032063999999999995,0.0,0.0
oculomotor nerve,0.0,0.0,0.0,0.002768,0.0024760000000000003,0.0052439999999999995,0.0,0.0
"Superior colliculus, zonal layer",0.0,0.0,0.0,0.118228,0.132453,0.250681,0.0,0.0
Ectorhinal area/Layer 1,0.0,0.0,0.0,0.133905,0.119799,0.253704,0.0,0.0
"Primary somatosensory area, nose, layer 2/3",0.0,0.0,0.0,0.23523000000000002,0.222005,0.457235,0.0,0.0
trapezoid body,0.0,0.0,0.0,0.129364,0.11729400000000001,0.246658,0.0,0.0
"Superior colliculus, superficial gray layer",0.0,0.0,0.0,0.39724,0.455365,0.852605,0.0,0.0
Parasubiculum,0.0,0.0,0.0,0.313599,0.2996,0.6131989999999999,0.0,0.0
Dentate nucleus,0.0,0.0,0.0,0.13194999999999998,0.11229700000000001,0.244247,0.0,0.0
"Primary auditory area, layer 5",0.0,0.0,0.0,0.196002,0.181523,0.377525,0.0,0.0
optic nerve,0.0,0.0,0.0,0.021481,0.019871,0.041352,0.0,0.0
"Visceral area, layer 6b",0.0,0.0,0.0,0.017665,0.014924000000000002,0.032589,0.0,0.0
uncinate fascicle,0.0,0.0,0.0,0.031346,0.03127,0.06261599999999999,0.0,0.0
"Superior colliculus, optic layer",0.0,0.0,0.0,0.235108,0.263511,0.498619,0.0,0.0
Parvicellular reticular nucleus,0.0,0.0,0.0,1.104904,1.235908,2.340812,0.0,0.0
"Primary somatosensory area, upper limb, layer 2/3",0.0,0.0,0.0,0.418321,0.354046,0.772367,0.0,0.0
"Visceral area, layer 6a",0.0,0.0,0.0,0.169255,0.148671,0.31792600000000004,0.0,0.0
Parasolitary nucleus,0.0,0.0,0.0,0.029517,0.021891,0.051408,0.0,0.0
"Supplemental somatosensory area, layer 6a",0.0,0.0,0.0,0.694116,0.653133,1.347249,0.0,0.0
ventral spinocerebellar tract,0.0,0.0,0.0,0.09027,0.09957,0.18984,0.0,0.0
Parabrachial nucleus,0.0,0.0,0.0,0.356098,0.36490500000000003,0.721003,0.0,0.0
"Posterolateral visual area, layer 4",0.0,0.0,0.0,0.008589,0.009575,0.018164,0.0,0.0
Dorsal nucleus raphe,0.0,0.0,0.0,0.051565,0.051643,0.103208,0.0,0.0
"Supplemental somatosensory area, layer 1",0.0,0.0,0.0,0.652702,0.55304,1.205742,0.0,0.0
Parabigeminal nucleus,0.0,0.0,0.0,0.015341,0.017821999999999998,0.033163,0.0,0.0
"Primary somatosensory area, mouth, layer 1",0.0,0.0,0.0,0.394438,0.366029,0.760467,0.0,0.0
Dorsal tegmental nucleus,0.0,0.0,0.0,0.044844,0.04532,0.090164,0.0,0.0
"Primary motor area, Layer 6b",0.0,0.0,0.0,0.077343,0.095727,0.17307,0.0,0.0
amygdalar capsule,0.0,0.0,0.0,0.058829,0.051814,0.110643,0.0,0.0
"Perirhinal area, layer 2/3",0.0,0.0,0.0,0.15978699999999998,0.147842,0.307629,0.0,0.0
"Primary somatosensory area, nose, layer 6a",0.0,0.0,0.0,0.329023,0.313832,0.6428550000000001,0.0,0.0
"Supplemental somatosensory area, layer 6b",0.0,0.0,0.0,0.070675,0.065694,0.13636900000000002,0.0,0.0
"Visceral area, layer 1",0.0,0.0,0.0,0.16796899999999998,0.156083,0.324052,0.0,0.0
"anterior commissure, olfactory limb",0.0,0.0,0.0,0.239288,0.233713,0.473001,0.0,0.0
"Posterolateral visual area, layer 5",0.0,0.0,0.0,0.058177,0.062444000000000006,0.120621,0.0,0.0
External cuneate nucleus,0.0,0.0,0.0,0.093765,0.08992699999999999,0.183692,0.0,0.0
"Anterolateral visual area, layer 2/3",0.0,0.0,0.0,0.062434,0.059913,0.12234699999999997,0.0,0.0
Paracentral nucleus,0.0,0.0,0.0,0.122854,0.144386,0.26724000000000003,0.0,0.0
"anterior commissure, temporal limb",0.0,0.0,0.0,0.09443700000000001,0.101362,0.195799,0.0,0.0
"Orbital area, medial part, layer 6a",0.0,0.0,0.0,0.047797000000000006,0.061721000000000005,0.109518,0.0,0.0
trochlear nerve,0.0,0.0,0.0,0.002911,0.002916,0.005827000000000001,0.0,0.0
Lingula (I),0.0,0.0,0.0,0.054867,0.054037,0.108904,0.0,0.0
Posterodorsal preoptic nucleus,0.0,0.0,0.0,0.004287,0.005118,0.009405,0.0,0.0
brachium of the superior colliculus,0.0,0.0,0.0,0.08182099999999999,0.08231799999999999,0.16413899999999998,0.0,0.0
cerebal peduncle,0.0,0.0,0.0,0.27707600000000004,0.264982,0.5420579999999999,0.0,0.0
"Anterior cingulate area, dorsal part, layer 6b",0.0,0.0,0.0,0.010587000000000001,0.013387,0.023974000000000002,0.0,0.0
"Primary somatosensory area, nose, layer 6b",0.0,0.0,0.0,0.024432,0.022358000000000003,0.04679,0.0,0.0
Parafascicular nucleus,0.0,0.0,0.0,0.22075,0.25073,0.47148,0.0,0.0
Pontine gray,0.0,0.0,0.0,0.374228,0.348708,0.7229359999999999,0.0,0.0
"Anterior cingulate area, dorsal part, layer 1",0.0,0.0,0.0,0.177228,0.176123,0.353351,0.0,0.0
Declive (VI),0.0,0.0,0.0,0.9977360000000001,0.929932,1.927668,0.0,0.0
cingulum bundle,0.0,0.0,0.0,0.554079,0.650486,1.2045649999999999,0.0,0.0
"Primary motor area, Layer 2/3",0.0,0.0,0.0,1.802294,1.432476,3.23477,0.0,0.0
Folium-tuber vermis (VII),0.0,0.0,0.0,0.342358,0.330593,0.6729510000000001,0.0,0.0
"Primary somatosensory area, upper limb, layer 6a",0.0,0.0,0.0,0.522149,0.49792200000000003,1.020071,0.0,0.0
Posterior hypothalamic nucleus,0.0,0.0,0.0,0.323316,0.300647,0.623963,0.0,0.0
vomeronasal nerve,0.0,0.0,0.0,0.001996,0.002246,0.004241999999999999,0.0,0.0
"Primary somatosensory area, mouth, layer 4",0.0,0.0,0.0,0.3654,0.358034,0.7234339999999999,0.0,0.0
Pyramus (VIII),0.0,0.0,0.0,0.513158,0.47153900000000004,0.984697,0.0,0.0
"Endopiriform nucleus, dorsal part",0.0,0.0,0.0,0.707751,0.728003,1.4357540000000002,0.0,0.0
"Primary auditory area, layer 6a",0.0,0.0,0.0,0.07474499999999999,0.07294099999999999,0.14768599999999998,0.0,0.0
"Lateral reticular nucleus, magnocellular part",0.0,0.0,0.0,0.239642,0.238076,0.47771800000000003,0.0,0.0
"corpus callosum, anterior forceps",0.0,0.0,0.0,0.24660100000000001,0.368517,0.6151179999999999,0.0,0.0
Uvula (IX),0.0,0.0,0.0,1.135293,1.024123,2.159416,0.0,0.0
"Ventral auditory area, layer 1",0.0,0.0,0.0,0.14554699999999998,0.11909700000000001,0.264644,0.0,0.0
"Secondary motor area, layer 2/3",0.0,0.0,0.0,1.470127,1.2891860000000002,2.759313,0.0,0.0
"Lateral reticular nucleus, parvicellular part",0.0,0.0,0.0,0.021078,0.026481,0.047559,0.0,0.0
"corpus callosum, extreme capsule",0.0,0.0,0.0,0.032701999999999995,0.028826,0.061528,0.0,0.0
"Retrosplenial area, lateral agranular part, layer 2/3",0.0,0.0,0.0,0.265759,0.237275,0.503034,0.0,0.0
"Endopiriform nucleus, ventral part",0.0,0.0,0.0,0.349815,0.389205,0.73902,0.0,0.0
Nodulus (X),0.0,0.0,0.0,0.667489,0.6971299999999999,1.3646189999999998,0.0,0.0
"Orbital area, ventrolateral part, layer 1",0.0,0.0,0.0,0.077514,0.09111,0.168624,0.0,0.0
"Paragigantocellular reticular nucleus, dorsal part",0.0,0.0,0.0,0.119636,0.125354,0.24499,0.0,0.0
"corpus callosum, posterior forceps",0.0,0.0,0.0,0.473473,0.483152,0.956625,0.0,0.0
"Lateral visual area, layer 2/3",0.0,0.0,0.0,0.095762,0.090934,0.186696,0.0,0.0
Lobule II,0.0,0.0,0.0,0.536392,0.5188189999999999,1.0552110000000001,0.0,0.0
Ectorhinal area/Layer 6a,0.0,0.0,0.0,0.149918,0.13991099999999998,0.289829,0.0,0.0
Dorsal premammillary nucleus,0.0,0.0,0.0,0.038709,0.036607,0.075316,0.0,0.0
"Primary somatosensory area, barrel field, layer 1",0.0,0.0,0.0,0.321309,0.29804400000000003,0.6193529999999999,0.0,0.0
Fasciola cinerea,0.0,0.0,0.0,0.025819,0.025938,0.051757000000000004,0.0,0.0
Lobule III,0.0,0.0,0.0,0.9463090000000001,0.945378,1.891687,0.0,0.0
"corpus callosum, splenium",0.0,0.0,0.0,0.282304,0.298719,0.5810230000000001,0.0,0.0
Ectorhinal area/Layer 5,0.0,0.0,0.0,0.21751500000000001,0.185823,0.40333800000000003,0.0,0.0
Fastigial nucleus,0.0,0.0,0.0,0.19922,0.21526700000000001,0.414487,0.0,0.0
root,0.0,0.0,0.0,1.379476,1.407699,2.787175,0.0,0.0
Fundus of striatum,0.0,0.0,0.0,0.205844,0.219773,0.425617,0.0,0.0
Ventral premammillary nucleus,0.0,0.0,0.0,0.054455,0.049105,0.10356,0.0,0.0
"Primary auditory area, layer 6b",0.0,0.0,0.0,0.013447999999999998,0.013401,0.026849,0.0,0.0
"Primary somatosensory area, trunk, layer 1",0.0,0.0,0.0,0.07757499999999999,0.062845,0.14042000000000002,0.0,0.0
Simple lobule,0.0,0.0,0.0,1.7251330000000002,1.898387,3.6235199999999996,0.0,0.0
"Visceral area, layer 4",0.0,0.0,0.0,0.064593,0.061468,0.12606099999999998,0.0,0.0
olfactory nerve layer of main olfactory bulb,0.0,0.0,0.0,1.067545,1.274814,2.342359,0.0,0.0
Posterior complex of the thalamus,0.0,0.0,0.0,0.675161,0.689836,1.364997,0.0,0.0
"Globus pallidus, external segment",0.0,0.0,0.0,1.038388,0.933081,1.971469,0.0,0.0
Paramedian lobule,0.0,0.0,0.0,1.286757,1.22338,2.510137,0.0,0.0
"Primary somatosensory area, upper limb, layer 6b",0.0,0.0,0.0,0.041951,0.039672000000000006,0.081623,0.0,0.0
Posterior limiting nucleus of the thalamus,0.0,0.0,0.0,0.10089400000000001,0.097733,0.198627,0.0,0.0
"Primary somatosensory area, lower limb, layer 1",0.0,0.0,0.0,0.124738,0.11491099999999999,0.23964899999999997,0.0,0.0
"Globus pallidus, internal segment",0.0,0.0,0.0,0.17707499999999998,0.170048,0.347123,0.0,0.0
Copula pyramidis,0.0,0.0,0.0,0.7529140000000001,0.7157509999999999,1.468665,0.0,0.0
"Supplemental somatosensory area, layer 4",0.0,0.0,0.0,0.427421,0.417942,0.8453629999999999,0.0,0.0
Postsubiculum,0.0,0.0,0.0,0.366346,0.341513,0.707859,0.0,0.0
"Primary somatosensory area, barrel field, layer 6a",0.0,0.0,0.0,0.5541149999999999,0.49639300000000003,1.050508,0.0,0.0
Gracile nucleus,0.0,0.0,0.0,0.055325,0.047895,0.10322,0.0,0.0
Paraflocculus,0.0,0.0,0.0,1.287886,0.577512,1.865398,0.0,0.0
Peripeduncular nucleus,0.0,0.0,0.0,0.021877,0.022019,0.043896,0.0,0.0
Ectorhinal area/Layer 6b,0.0,0.0,0.0,0.02198,0.02181,0.04379,0.0,0.0
"Primary somatosensory area, barrel field, layer 4",0.0,0.0,0.0,0.47557200000000005,0.431407,0.9069790000000001,0.0,0.0
direct tectospinal pathway,0.0,0.0,0.0,2e-06,3e-06,5e-06,0.0,0.0
"Infralimbic area, layer 6a",0.0,0.0,0.0,0.054771,0.069357,0.124128,0.0,0.0
Crus 1,0.0,0.0,0.0,1.591623,1.6380869999999998,3.22971,0.0,0.0
doral tegmental decussation,0.0,0.0,0.0,0.00281,0.002803,0.005613,0.0,0.0
Posterior pretectal nucleus,0.0,0.0,0.0,0.080814,0.086892,0.167706,0.0,0.0
"Primary somatosensory area, barrel field, layer 6b",0.0,0.0,0.0,0.061235000000000005,0.055102,0.116337,0.0,0.0
Crus 2,0.0,0.0,0.0,1.397063,1.453792,2.850855,0.0,0.0
"Anteromedial visual area, layer 2/3",0.0,0.0,0.0,0.108049,0.095268,0.203317,0.0,0.0
"Primary somatosensory area, barrel field, layer 5",0.0,0.0,0.0,0.474813,0.42549,0.9003030000000001,0.0,0.0
"Medial geniculate complex, dorsal part",0.0,0.0,0.0,0.075292,0.067952,0.14324399999999998,0.0,0.0
"Anterolateral visual area, layer 1",0.0,0.0,0.0,0.040163,0.038897,0.07905999999999999,0.0,0.0
Perireunensis nucleus,0.0,0.0,0.0,0.081992,0.08993,0.171922,0.0,0.0
"Medial geniculate complex, ventral part",0.0,0.0,0.0,0.120483,0.120093,0.240576,0.0,0.0
"Infralimbic area, layer 6b",0.0,0.0,0.0,0.003082,0.003972,0.007054,0.0,0.0
Presubiculum,0.0,0.0,0.0,0.335129,0.280383,0.6155120000000001,0.0,0.0
"Secondary motor area, layer 6b",0.0,0.0,0.0,0.027152,0.038185000000000004,0.06533699999999999,0.0,0.0
"Primary somatosensory area, trunk, layer 4",0.0,0.0,0.0,0.076888,0.059362,0.13624999999999998,0.0,0.0
"Medial geniculate complex, medial part",0.0,0.0,0.0,0.11727,0.11874900000000001,0.236019,0.0,0.0
Hippocampal formation,0.0,0.0,0.0,0.136594,0.13264399999999998,0.26923800000000003,0.0,0.0
Lobules IV-V,0.0,0.0,0.0,2.292684,2.215249,4.507933,0.0,0.0
external medullary lamina of the thalamus,0.0,0.0,0.0,0.059078,0.054497000000000004,0.113575,0.0,0.0
"Primary somatosensory area, lower limb, layer 4",0.0,0.0,0.0,0.148145,0.12152,0.269665,0.0,0.0
"Anteromedial nucleus, dorsal part",0.0,0.0,0.0,0.113446,0.131952,0.245398,0.0,0.0
"Agranular insular area, dorsal part, layer 5",0.0,0.0,0.0,0.5609460000000001,0.548505,1.109451,0.0,0.0
"Primary somatosensory area, mouth, layer 6a",0.0,0.0,0.0,0.614424,0.617732,1.2321559999999998,0.0,0.0
"Anteromedial nucleus, ventral part",0.0,0.0,0.0,0.079058,0.08123899999999999,0.160297,0.0,0.0
Intercalated amygdalar nucleus,0.0,0.0,0.0,0.069284,0.07241399999999999,0.141698,0.0,0.0
"Visceral area, layer 2/3",0.0,0.0,0.0,0.229068,0.204839,0.433907,0.0,0.0
"Medullary reticular nucleus, ventral part",0.0,0.0,0.0,0.498294,0.5646100000000001,1.0629039999999998,0.0,0.0
genu of corpus callosum,0.0,0.0,0.0,0.281275,0.41269700000000004,0.693972,0.0,0.0
Parastrial nucleus,0.0,0.0,0.0,0.032648,0.034417,0.06706499999999999,0.0,0.0
Interanterodorsal nucleus of the thalamus,0.0,0.0,0.0,0.051101,0.064233,0.115334,0.0,0.0
"Anterolateral visual area, layer 4",0.0,0.0,0.0,0.030651,0.029029000000000003,0.05968,0.0,0.0
genu of the facial nerve,0.0,0.0,0.0,0.014252,0.014335,0.028587,0.0,0.0
Interanteromedial nucleus of the thalamus,0.0,0.0,0.0,0.020394,0.023433000000000002,0.043827,0.0,0.0
inferior cerebellar peduncle,0.0,0.0,0.0,0.181761,0.191815,0.373576,0.0,0.0
"Tuberomammillary nucleus, dorsal part",0.0,0.0,0.0,0.012894,0.012508,0.025402,0.0,0.0
"Temporal association areas, layer 2/3",0.0,0.0,0.0,0.322065,0.250228,0.5722929999999999,0.0,0.0
"Nucleus of the lateral olfactory tract, layer 3",0.0,0.0,0.0,0.023433000000000002,0.029628,0.053061000000000004,0.0,0.0
Median eminence,0.0,0.0,0.0,0.033125,0.033329000000000004,0.066454,0.0,0.0
"Dentate gyrus, molecular layer",0.0,0.0,0.0,1.6520830000000002,1.692203,3.344286,0.0,0.0
"Dentate gyrus, polymorph layer",0.0,0.0,0.0,0.25383,0.264067,0.517897,0.0,0.0
"Primary somatosensory area, unassigned, layer 1",0.0,0.0,0.0,0.068063,0.058035,0.12609800000000002,0.0,0.0
"Primary somatosensory area, unassigned, layer 2/3",0.0,0.0,0.0,0.138933,0.117884,0.256817,0.0,0.0
"Primary somatosensory area, unassigned, layer 4",0.0,0.0,0.0,0.08462399999999999,0.072006,0.15663,0.0,0.0
"Primary somatosensory area, unassigned, layer 5",0.0,0.0,0.0,0.128607,0.109331,0.237938,0.0,0.0
"Primary somatosensory area, unassigned, layer 6a",0.0,0.0,0.0,0.162408,0.14199399999999998,0.30440199999999995,0.0,0.0
"Primary somatosensory area, unassigned, layer 6b",0.0,0.0,0.0,0.01387,0.012105,0.025975,0.0,0.0
"Anterior area, layer 1",0.0,0.0,0.0,0.091674,0.070238,0.161912,0.0,0.0
"Anterior area, layer 2/3",0.0,0.0,0.0,0.211869,0.16983099999999998,0.3817,0.0,0.0
"Anterior area, layer 4",0.0,0.0,0.0,0.07341,0.060705,0.13411499999999998,0.0,0.0
"Anterior area, layer 6b",0.0,0.0,0.0,0.018154,0.017573,0.035726999999999995,0.0,0.0
"Laterointermediate area, layer 1",0.0,0.0,0.0,0.026642000000000002,0.024719,0.051361000000000004,0.0,0.0
"Laterointermediate area, layer 2/3",0.0,0.0,0.0,0.038614,0.035828,0.074442,0.0,0.0
"Laterointermediate area, layer 4",0.0,0.0,0.0,0.017898999999999998,0.016635,0.034533999999999995,0.0,0.0
"Laterointermediate area, layer 5",0.0,0.0,0.0,0.044732,0.041116,0.08584800000000001,0.0,0.0
"Laterointermediate area, layer 6a",0.0,0.0,0.0,0.023888,0.021778,0.045666000000000005,0.0,0.0
"Laterointermediate area, layer 6b",0.0,0.0,0.0,0.004862,0.00448,0.009342,0.0,0.0
"Rostrolateral area, layer 1",0.0,0.0,0.0,0.057999,0.052161,0.11016,0.0,0.0
"Rostrolateral area, layer 2/3",0.0,0.0,0.0,0.090544,0.081438,0.171982,0.0,0.0
"Rostrolateral area, layer 4",0.0,0.0,0.0,0.047059,0.042079000000000005,0.089138,0.0,0.0
"Rostrolateral area, layer 5",0.0,0.0,0.0,0.07806199999999999,0.069478,0.14754,0.0,0.0
"Rostrolateral area, layer 6a",0.0,0.0,0.0,0.048572000000000004,0.043298,0.09187000000000001,0.0,0.0
"Rostrolateral area, layer 6b",0.0,0.0,0.0,0.009148,0.00815,0.017297999999999997,0.0,0.0
"Postrhinal area, layer 1",0.0,0.0,0.0,0.085893,0.093118,0.17901099999999998,0.0,0.0
"Postrhinal area, layer 2/3",0.0,0.0,0.0,0.115802,0.11896400000000001,0.234766,0.0,0.0
"Postrhinal area, layer 4",0.0,0.0,0.0,0.019206,0.016694999999999998,0.035901,0.0,0.0
"Postrhinal area, layer 5",0.0,0.0,0.0,0.11045799999999999,0.104128,0.214586,0.0,0.0
"Postrhinal area, layer 6a",0.0,0.0,0.0,0.053325,0.046062,0.099387,0.0,0.0
"Postrhinal area, layer 6b",0.0,0.0,0.0,0.009962,0.008348999999999999,0.018311,0.0,0.0
Prosubiculum,0.0,0.0,0.0,0.437568,0.403981,0.8415489999999999,0.0,0.0
Area prostriata,0.0,0.0,0.0,0.08383399999999999,0.08126599999999999,0.16509999999999994,0.0,0.0
supra-callosal cerebral white matter,0.0,0.0,0.0,0.486192,0.482059,0.968251,0.0,0.0
"corpus callosum, body",0.0,0.0,0.0,1.474893,1.596762,3.071655,0.0,0.0
optic radiation,0.0,0.0,0.0,0.7094809999999999,0.697685,1.407166,0.0,0.0
auditory radiation,0.0,0.0,0.0,0.18571700000000002,0.180799,0.366516,0.0,0.0
commissural branch of stria terminalis,0.0,0.0,0.0,0.01395,0.015128,0.029077999999999996,0.0,0.0
"Dorsal part of the lateral geniculate complex, shell",0.0,0.0,0.0,0.08483399999999999,0.083775,0.16860899999999998,0.0,0.0
"Dorsal part of the lateral geniculate complex, core",0.0,0.0,0.0,0.198142,0.21143800000000001,0.40958,0.0,0.0
"Dorsal part of the lateral geniculate complex, ipsilateral zone",0.0,0.0,0.0,0.041797,0.04482,0.086617,0.0,0.0
"Frontal pole, layer 5",0.0,0.0,0.0,0.090479,0.102565,0.193044,0.0,0.0
"Frontal pole, layer 6b",0.0,0.0,0.0,0.000277,0.000375,0.0006519999999999999,0.0,0.0
"Orbital area, medial part, layer 6b",0.0,0.0,0.0,0.0010819999999999998,0.001341,0.0024230000000000002,0.0,0.0
Retroparafascicular nucleus,0.0,0.0,0.0,0.030237,0.030173000000000002,0.060410000000000005,0.0,0.0
Peritrigeminal zone,0.0,0.0,0.0,0.155653,0.169709,0.325362,0.0,0.0
Accessory trigeminal nucleus,0.0,0.0,0.0,0.00775,0.008158,0.015908000000000002,0.0,0.0
Parvicellular motor 5 nucleus,0.0,0.0,0.0,0.020759,0.022808000000000002,0.043567,0.0,0.0
Intertrigeminal nucleus,0.0,0.0,0.0,0.016746,0.012719,0.029465,0.0,0.0
